<phyloxml xmlns="http://www.phyloxml.org" xmlns:xsi="http://www.w3.org/2001/XMLSchema-instance" xsi:schemaLocation="http://www.phyloxml.org http://www.phyloxml.org/1.10/phyloxml.xsd">
  <phylogeny rooted="true">
    <clade>
      <clade>
        <name>Bacteria</name>
        <branch_length>1.0</branch_length>
        <clade>
          <name>Spirochaetes</name>
          <branch_length>1.0</branch_length>
          <property applies_to="clade" datatype="xsd:string" id_ref="annotation" ref="A:1">Spirochaetes</property>
          <property applies_to="clade" datatype="xsd:string" id_ref="annotation_rotation" ref="A:1">1</property>
          <property applies_to="clade" datatype="xsd:string" id_ref="annotation_font_size" ref="A:1">9</property>
          <property applies_to="clade" datatype="xsd:string" id_ref="annotation_background_color" ref="A:1">#eedbfc</property>
          <clade>
            <name>Spirochaetes_c</name>
            <branch_length>1.0</branch_length>
            <clade>
              <name>Spirochaetales</name>
              <branch_length>1.0</branch_length>
              <clade>
                <name>Spirochaetaceae</name>
                <branch_length>1.0</branch_length>
                <clade>
                  <name>Treponema</name>
                  <branch_length>1.0</branch_length>
                  <property applies_to="clade" datatype="xsd:string" id_ref="annotation_background_color" ref="A:1">r</property>
                  <property applies_to="clade" datatype="xsd:string" id_ref="annotation" ref="A:1">Treponema</property>
                  <property applies_to="clade" datatype="xsd:string" id_ref="clade_marker_size" ref="A:1">50</property>
                  <property applies_to="clade" datatype="xsd:string" id_ref="clade_marker_edge_width" ref="A:1">3.0</property>
                  <property applies_to="clade" datatype="xsd:string" id_ref="annotation_rotation" ref="A:1">1</property>
                  <property applies_to="clade" datatype="xsd:string" id_ref="annotation_font_size" ref="A:1">7</property>
                  <clade>
                    <name>Treponema_maltophilum</name>
                    <branch_length>1.0</branch_length>
                    <property applies_to="clade" datatype="xsd:string" id_ref="annotation_background_color" ref="A:1">r</property>
                    <property applies_to="clade" datatype="xsd:string" id_ref="annotation" ref="A:1">Treponema_maltophilum</property>
                    <property applies_to="clade" datatype="xsd:string" id_ref="clade_marker_size" ref="A:1">32</property>
                    <property applies_to="clade" datatype="xsd:string" id_ref="clade_marker_edge_width" ref="A:1">3.0</property>
                    <property applies_to="clade" datatype="xsd:string" id_ref="annotation_rotation" ref="A:1">1</property>
                    <property applies_to="clade" datatype="xsd:string" id_ref="annotation_font_size" ref="A:1">4</property>
                  </clade>
                  <clade>
                    <name>Treponema_denticola</name>
                    <branch_length>1.0</branch_length>
                    <property applies_to="clade" datatype="xsd:string" id_ref="annotation_background_color" ref="A:1">r</property>
                    <property applies_to="clade" datatype="xsd:string" id_ref="annotation" ref="A:1">Treponema_denticola</property>
                    <property applies_to="clade" datatype="xsd:string" id_ref="clade_marker_size" ref="A:1">3</property>
                    <property applies_to="clade" datatype="xsd:string" id_ref="clade_marker_edge_width" ref="A:1">3.0</property>
                    <property applies_to="clade" datatype="xsd:string" id_ref="annotation_rotation" ref="A:1">1</property>
                    <property applies_to="clade" datatype="xsd:string" id_ref="annotation_font_size" ref="A:1">4</property>
                  </clade>
                  <clade>
                    <name>Treponema_parvum</name>
                    <branch_length>1.0</branch_length>
                    <property applies_to="clade" datatype="xsd:string" id_ref="annotation_background_color" ref="A:1">r</property>
                    <property applies_to="clade" datatype="xsd:string" id_ref="annotation" ref="A:1">Treponema_parvum</property>
                    <property applies_to="clade" datatype="xsd:string" id_ref="clade_marker_size" ref="A:1">3</property>
                    <property applies_to="clade" datatype="xsd:string" id_ref="clade_marker_edge_width" ref="A:1">3.0</property>
                    <property applies_to="clade" datatype="xsd:string" id_ref="annotation_rotation" ref="A:1">1</property>
                    <property applies_to="clade" datatype="xsd:string" id_ref="annotation_font_size" ref="A:1">4</property>
                  </clade>
                  <clade>
                    <name>Treponema_medium</name>
                    <branch_length>1.0</branch_length>
                    <property applies_to="clade" datatype="xsd:string" id_ref="annotation_background_color" ref="A:1">r</property>
                    <property applies_to="clade" datatype="xsd:string" id_ref="annotation" ref="A:1">Treponema_medium</property>
                    <property applies_to="clade" datatype="xsd:string" id_ref="clade_marker_size" ref="A:1">1</property>
                    <property applies_to="clade" datatype="xsd:string" id_ref="clade_marker_edge_width" ref="A:1">3.0</property>
                    <property applies_to="clade" datatype="xsd:string" id_ref="annotation_rotation" ref="A:1">1</property>
                    <property applies_to="clade" datatype="xsd:string" id_ref="annotation_font_size" ref="A:1">4</property>
                  </clade>
                  <clade>
                    <name>Treponema_socranskii</name>
                    <branch_length>1.0</branch_length>
                    <property applies_to="clade" datatype="xsd:string" id_ref="annotation_background_color" ref="A:1">r</property>
                    <property applies_to="clade" datatype="xsd:string" id_ref="annotation" ref="A:1">Treponema_socranskii</property>
                    <property applies_to="clade" datatype="xsd:string" id_ref="clade_marker_size" ref="A:1">2</property>
                    <property applies_to="clade" datatype="xsd:string" id_ref="clade_marker_edge_width" ref="A:1">3.0</property>
                    <property applies_to="clade" datatype="xsd:string" id_ref="annotation_rotation" ref="A:1">1</property>
                    <property applies_to="clade" datatype="xsd:string" id_ref="annotation_font_size" ref="A:1">4</property>
                  </clade>
                </clade>
              </clade>
            </clade>
          </clade>
        </clade>
        <clade>
          <name>Tenericutes</name>
          <branch_length>1.0</branch_length>
          <property applies_to="clade" datatype="xsd:string" id_ref="annotation" ref="A:1">Tenericutes</property>
          <property applies_to="clade" datatype="xsd:string" id_ref="annotation_rotation" ref="A:1">1</property>
          <property applies_to="clade" datatype="xsd:string" id_ref="annotation_font_size" ref="A:1">9</property>
          <property applies_to="clade" datatype="xsd:string" id_ref="annotation_background_color" ref="A:1">#eedbfc</property>
          <clade>
            <name>Mollicutes</name>
            <branch_length>1.0</branch_length>
            <clade>
              <name>Mycoplasmatales</name>
              <branch_length>1.0</branch_length>
              <clade>
                <name>Mycoplasmataceae</name>
                <branch_length>1.0</branch_length>
                <property applies_to="clade" datatype="xsd:string" id_ref="annotation_background_color" ref="A:1">w</property>
                <clade>
                  <name>Mycoplasma_g4</name>
                  <branch_length>1.0</branch_length>
                  <property applies_to="clade" datatype="xsd:string" id_ref="annotation_background_color" ref="A:1">r</property>
                  <property applies_to="clade" datatype="xsd:string" id_ref="annotation" ref="A:1">Mycoplasma_g4</property>
                  <property applies_to="clade" datatype="xsd:string" id_ref="clade_marker_size" ref="A:1">2</property>
                  <property applies_to="clade" datatype="xsd:string" id_ref="clade_marker_edge_width" ref="A:1">3.0</property>
                  <property applies_to="clade" datatype="xsd:string" id_ref="annotation_rotation" ref="A:1">1</property>
                  <property applies_to="clade" datatype="xsd:string" id_ref="annotation_font_size" ref="A:1">7</property>
                  <clade>
                    <name>Mycoplasma_salivarium</name>
                    <branch_length>1.0</branch_length>
                    <property applies_to="clade" datatype="xsd:string" id_ref="annotation_background_color" ref="A:1">r</property>
                    <property applies_to="clade" datatype="xsd:string" id_ref="annotation" ref="A:1">Mycoplasma_salivarium</property>
                    <property applies_to="clade" datatype="xsd:string" id_ref="clade_marker_size" ref="A:1">1</property>
                    <property applies_to="clade" datatype="xsd:string" id_ref="clade_marker_edge_width" ref="A:1">3.0</property>
                    <property applies_to="clade" datatype="xsd:string" id_ref="annotation_rotation" ref="A:1">1</property>
                    <property applies_to="clade" datatype="xsd:string" id_ref="annotation_font_size" ref="A:1">4</property>
                  </clade>
                  <clade>
                    <name>Mycoplasma_faucium</name>
                    <branch_length>1.0</branch_length>
                    <property applies_to="clade" datatype="xsd:string" id_ref="annotation_background_color" ref="A:1">r</property>
                    <property applies_to="clade" datatype="xsd:string" id_ref="annotation" ref="A:1">Mycoplasma_faucium</property>
                    <property applies_to="clade" datatype="xsd:string" id_ref="clade_marker_size" ref="A:1">5</property>
                    <property applies_to="clade" datatype="xsd:string" id_ref="clade_marker_edge_width" ref="A:1">3.0</property>
                    <property applies_to="clade" datatype="xsd:string" id_ref="annotation_rotation" ref="A:1">1</property>
                    <property applies_to="clade" datatype="xsd:string" id_ref="annotation_font_size" ref="A:1">4</property>
                  </clade>
                </clade>
              </clade>
            </clade>
          </clade>
        </clade>
        <clade>
          <name>Synergistetes</name>
          <branch_length>1.0</branch_length>
          <property applies_to="clade" datatype="xsd:string" id_ref="annotation" ref="A:1">Synergistetes</property>
          <property applies_to="clade" datatype="xsd:string" id_ref="annotation_rotation" ref="A:1">1</property>
          <property applies_to="clade" datatype="xsd:string" id_ref="annotation_font_size" ref="A:1">9</property>
          <property applies_to="clade" datatype="xsd:string" id_ref="annotation_background_color" ref="A:1">#eedbfc</property>
          <clade>
            <name>Synergistia</name>
            <branch_length>1.0</branch_length>
            <clade>
              <name>Synergistales</name>
              <branch_length>1.0</branch_length>
              <clade>
                <name>Fretibacterium_f</name>
                <branch_length>1.0</branch_length>
                <property applies_to="clade" datatype="xsd:string" id_ref="annotation_background_color" ref="A:1">w</property>
                <clade>
                  <name>Fretibacterium</name>
                  <branch_length>1.0</branch_length>
                  <property applies_to="clade" datatype="xsd:string" id_ref="annotation_background_color" ref="A:1">r</property>
                  <property applies_to="clade" datatype="xsd:string" id_ref="annotation" ref="A:1">Fretibacterium</property>
                  <property applies_to="clade" datatype="xsd:string" id_ref="clade_marker_size" ref="A:1">142</property>
                  <property applies_to="clade" datatype="xsd:string" id_ref="clade_marker_edge_width" ref="A:1">3.0</property>
                  <property applies_to="clade" datatype="xsd:string" id_ref="annotation_rotation" ref="A:1">1</property>
                  <property applies_to="clade" datatype="xsd:string" id_ref="annotation_font_size" ref="A:1">7</property>
                  <clade>
                    <name>Fretibacterium_fastidiosum</name>
                    <branch_length>1.0</branch_length>
                    <property applies_to="clade" datatype="xsd:string" id_ref="annotation_background_color" ref="A:1">r</property>
                    <property applies_to="clade" datatype="xsd:string" id_ref="annotation" ref="A:1">Fretibacterium_fastidiosum</property>
                    <property applies_to="clade" datatype="xsd:string" id_ref="clade_marker_size" ref="A:1">53</property>
                    <property applies_to="clade" datatype="xsd:string" id_ref="clade_marker_edge_width" ref="A:1">3.0</property>
                    <property applies_to="clade" datatype="xsd:string" id_ref="annotation_rotation" ref="A:1">1</property>
                    <property applies_to="clade" datatype="xsd:string" id_ref="annotation_font_size" ref="A:1">4</property>
                  </clade>
                </clade>
              </clade>
            </clade>
          </clade>
        </clade>
        <clade>
          <name>Actinobacteria</name>
          <branch_length>1.0</branch_length>
          <property applies_to="clade" datatype="xsd:string" id_ref="annotation" ref="A:1">Actinobacteria</property>
          <property applies_to="clade" datatype="xsd:string" id_ref="annotation_rotation" ref="A:1">1</property>
          <property applies_to="clade" datatype="xsd:string" id_ref="annotation_font_size" ref="A:1">9</property>
          <property applies_to="clade" datatype="xsd:string" id_ref="annotation_background_color" ref="A:1">#eedbfc</property>
          <clade>
            <name>Actinobacteria_c</name>
            <branch_length>1.0</branch_length>
            <clade>
              <name>Actinomycetales</name>
              <branch_length>1.0</branch_length>
              <clade>
                <name>Actinomycetaceae</name>
                <branch_length>1.0</branch_length>
                <clade>
                  <name>Actinomyces</name>
                  <branch_length>1.0</branch_length>
                  <property applies_to="clade" datatype="xsd:string" id_ref="annotation_background_color" ref="A:1">b</property>
                  <property applies_to="clade" datatype="xsd:string" id_ref="annotation" ref="A:1">Actinomyces</property>
                  <property applies_to="clade" datatype="xsd:string" id_ref="clade_marker_size" ref="A:1">2</property>
                  <property applies_to="clade" datatype="xsd:string" id_ref="clade_marker_edge_width" ref="A:1">3.0</property>
                  <property applies_to="clade" datatype="xsd:string" id_ref="annotation_rotation" ref="A:1">1</property>
                  <property applies_to="clade" datatype="xsd:string" id_ref="annotation_font_size" ref="A:1">7</property>
                </clade>
              </clade>
            </clade>
          </clade>
        </clade>
        <clade>
          <name>Fusobacteria</name>
          <branch_length>1.0</branch_length>
          <property applies_to="clade" datatype="xsd:string" id_ref="annotation" ref="A:1">Fusobacteria</property>
          <property applies_to="clade" datatype="xsd:string" id_ref="annotation_rotation" ref="A:1">1</property>
          <property applies_to="clade" datatype="xsd:string" id_ref="annotation_font_size" ref="A:1">9</property>
          <property applies_to="clade" datatype="xsd:string" id_ref="annotation_background_color" ref="A:1">#eedbfc</property>
          <clade>
            <name>Fusobacteria_c</name>
            <branch_length>1.0</branch_length>
            <clade>
              <name>Fusobacteriales</name>
              <branch_length>1.0</branch_length>
              <clade>
                <name>Fusobacteriaceae</name>
                <branch_length>1.0</branch_length>
                <clade>
                  <name>Fusobacterium</name>
                  <branch_length>1.0</branch_length>
                  <property applies_to="clade" datatype="xsd:string" id_ref="annotation_background_color" ref="A:1">r</property>
                  <property applies_to="clade" datatype="xsd:string" id_ref="annotation" ref="A:1">Fusobacterium</property>
                  <property applies_to="clade" datatype="xsd:string" id_ref="clade_marker_size" ref="A:1">33</property>
                  <property applies_to="clade" datatype="xsd:string" id_ref="clade_marker_edge_width" ref="A:1">3.0</property>
                  <property applies_to="clade" datatype="xsd:string" id_ref="annotation_rotation" ref="A:1">1</property>
                  <property applies_to="clade" datatype="xsd:string" id_ref="annotation_font_size" ref="A:1">7</property>
                  <clade>
                    <name>Fusobacterium_simiae</name>
                    <branch_length>1.0</branch_length>
                    <property applies_to="clade" datatype="xsd:string" id_ref="annotation_background_color" ref="A:1">r</property>
                    <property applies_to="clade" datatype="xsd:string" id_ref="annotation" ref="A:1">Fusobacterium_simiae</property>
                    <property applies_to="clade" datatype="xsd:string" id_ref="clade_marker_size" ref="A:1">1</property>
                    <property applies_to="clade" datatype="xsd:string" id_ref="clade_marker_edge_width" ref="A:1">4.0</property>
                    <property applies_to="clade" datatype="xsd:string" id_ref="annotation_rotation" ref="A:1">1</property>
                    <property applies_to="clade" datatype="xsd:string" id_ref="annotation_font_size" ref="A:1">4</property>
                  </clade>
                  <clade>
                    <name>Fusobacterium_nucleatum</name>
                    <branch_length>1.0</branch_length>
                    <property applies_to="clade" datatype="xsd:string" id_ref="annotation_background_color" ref="A:1">r</property>
                    <property applies_to="clade" datatype="xsd:string" id_ref="annotation" ref="A:1">Fusobacterium_nucleatum</property>
                    <property applies_to="clade" datatype="xsd:string" id_ref="clade_marker_size" ref="A:1">40</property>
                    <property applies_to="clade" datatype="xsd:string" id_ref="clade_marker_edge_width" ref="A:1">3.0</property>
                    <property applies_to="clade" datatype="xsd:string" id_ref="annotation_rotation" ref="A:1">1</property>
                    <property applies_to="clade" datatype="xsd:string" id_ref="annotation_font_size" ref="A:1">4</property>
                  </clade>
                </clade>
              </clade>
              <clade>
                <name>Leptotrichiaceae</name>
                <branch_length>1.0</branch_length>
                <clade>
                  <name>Leptotrichia</name>
                  <branch_length>1.0</branch_length>
                  <property applies_to="clade" datatype="xsd:string" id_ref="annotation_background_color" ref="A:1">r</property>
                  <property applies_to="clade" datatype="xsd:string" id_ref="annotation" ref="A:1">Leptotrichia</property>
                  <property applies_to="clade" datatype="xsd:string" id_ref="clade_marker_size" ref="A:1">13</property>
                  <property applies_to="clade" datatype="xsd:string" id_ref="clade_marker_edge_width" ref="A:1">3.0</property>
                  <property applies_to="clade" datatype="xsd:string" id_ref="annotation_rotation" ref="A:1">1</property>
                  <property applies_to="clade" datatype="xsd:string" id_ref="annotation_font_size" ref="A:1">7</property>
                  <clade>
                    <name>Leptotrichia_hofstadii</name>
                    <branch_length>1.0</branch_length>
                    <property applies_to="clade" datatype="xsd:string" id_ref="annotation_background_color" ref="A:1">r</property>
                    <property applies_to="clade" datatype="xsd:string" id_ref="annotation" ref="A:1">Leptotrichia_hofstadii</property>
                    <property applies_to="clade" datatype="xsd:string" id_ref="clade_marker_size" ref="A:1">1</property>
                    <property applies_to="clade" datatype="xsd:string" id_ref="clade_marker_edge_width" ref="A:1">4.0</property>
                    <property applies_to="clade" datatype="xsd:string" id_ref="annotation_rotation" ref="A:1">1</property>
                    <property applies_to="clade" datatype="xsd:string" id_ref="annotation_font_size" ref="A:1">4</property>
                  </clade>
                  <clade>
                    <name>Leptotrichia_hongkongensis</name>
                    <branch_length>1.0</branch_length>
                    <property applies_to="clade" datatype="xsd:string" id_ref="annotation_background_color" ref="A:1">r</property>
                    <property applies_to="clade" datatype="xsd:string" id_ref="annotation" ref="A:1">Leptotrichia_hongkongensis</property>
                    <property applies_to="clade" datatype="xsd:string" id_ref="clade_marker_size" ref="A:1">1</property>
                    <property applies_to="clade" datatype="xsd:string" id_ref="clade_marker_edge_width" ref="A:1">3.0</property>
                    <property applies_to="clade" datatype="xsd:string" id_ref="annotation_rotation" ref="A:1">1</property>
                    <property applies_to="clade" datatype="xsd:string" id_ref="annotation_font_size" ref="A:1">4</property>
                  </clade>
                </clade>
              </clade>
            </clade>
          </clade>
        </clade>
        <clade>
          <name>Firmicutes</name>
          <branch_length>1.0</branch_length>
          <property applies_to="clade" datatype="xsd:string" id_ref="annotation" ref="A:1">Firmicutes</property>
          <property applies_to="clade" datatype="xsd:string" id_ref="annotation_rotation" ref="A:1">1</property>
          <property applies_to="clade" datatype="xsd:string" id_ref="annotation_font_size" ref="A:1">9</property>
          <property applies_to="clade" datatype="xsd:string" id_ref="annotation_background_color" ref="A:1">#eedbfc</property>
          <clade>
            <name>Bacilli</name>
            <branch_length>1.0</branch_length>
            <clade>
              <name>Lactobacillales</name>
              <branch_length>1.0</branch_length>
              <clade>
                <name>Streptococcaceae</name>
                <branch_length>1.0</branch_length>
                <clade>
                  <name>Streptococcus</name>
                  <branch_length>1.0</branch_length>
                  <property applies_to="clade" datatype="xsd:string" id_ref="annotation_background_color" ref="A:1">b</property>
                  <property applies_to="clade" datatype="xsd:string" id_ref="annotation" ref="A:1">Streptococcus</property>
                  <property applies_to="clade" datatype="xsd:string" id_ref="clade_marker_size" ref="A:1">7</property>
                  <property applies_to="clade" datatype="xsd:string" id_ref="clade_marker_edge_width" ref="A:1">3.0</property>
                  <property applies_to="clade" datatype="xsd:string" id_ref="annotation_rotation" ref="A:1">1</property>
                  <property applies_to="clade" datatype="xsd:string" id_ref="annotation_font_size" ref="A:1">7</property>
                  <clade>
                    <name>Streptococcus_sanguinis</name>
                    <branch_length>1.0</branch_length>
                    <property applies_to="clade" datatype="xsd:string" id_ref="annotation_background_color" ref="A:1">b</property>
                    <property applies_to="clade" datatype="xsd:string" id_ref="annotation" ref="A:1">Streptococcus_sanguinis</property>
                    <property applies_to="clade" datatype="xsd:string" id_ref="clade_marker_size" ref="A:1">1</property>
                    <property applies_to="clade" datatype="xsd:string" id_ref="clade_marker_edge_width" ref="A:1">3.0</property>
                    <property applies_to="clade" datatype="xsd:string" id_ref="annotation_rotation" ref="A:1">1</property>
                    <property applies_to="clade" datatype="xsd:string" id_ref="annotation_font_size" ref="A:1">4</property>
                  </clade>
                  <clade>
                    <name>Streptococcus_constellatus</name>
                    <branch_length>1.0</branch_length>
                    <property applies_to="clade" datatype="xsd:string" id_ref="annotation_background_color" ref="A:1">r</property>
                    <property applies_to="clade" datatype="xsd:string" id_ref="annotation" ref="A:1">Streptococcus_constellatus</property>
                    <property applies_to="clade" datatype="xsd:string" id_ref="clade_marker_size" ref="A:1">1</property>
                    <property applies_to="clade" datatype="xsd:string" id_ref="clade_marker_edge_width" ref="A:1">4.0</property>
                    <property applies_to="clade" datatype="xsd:string" id_ref="annotation_rotation" ref="A:1">1</property>
                    <property applies_to="clade" datatype="xsd:string" id_ref="annotation_font_size" ref="A:1">4</property>
                  </clade>
                </clade>
              </clade>
            </clade>
            <clade>
              <name>Bacillales</name>
              <branch_length>1.0</branch_length>
              <clade>
                <name>Staphylococcaceae</name>
                <branch_length>1.0</branch_length>
                <clade>
                  <name>Staphylococcus</name>
                  <branch_length>1.0</branch_length>
                  <property applies_to="clade" datatype="xsd:string" id_ref="annotation_background_color" ref="A:1">b</property>
                  <property applies_to="clade" datatype="xsd:string" id_ref="annotation" ref="A:1">Staphylococcus</property>
                  <property applies_to="clade" datatype="xsd:string" id_ref="clade_marker_size" ref="A:1">1</property>
                  <property applies_to="clade" datatype="xsd:string" id_ref="clade_marker_edge_width" ref="A:1">4.0</property>
                  <property applies_to="clade" datatype="xsd:string" id_ref="annotation_rotation" ref="A:1">1</property>
                  <property applies_to="clade" datatype="xsd:string" id_ref="annotation_font_size" ref="A:1">7</property>
                </clade>
              </clade>
            </clade>
          </clade>
          <clade>
            <name>Negativicutes</name>
            <branch_length>1.0</branch_length>
            <clade>
              <name>Selenomonadales</name>
              <branch_length>1.0</branch_length>
              <clade>
                <name>Selenomonadaceae</name>
                <branch_length>1.0</branch_length>
                <property applies_to="clade" datatype="xsd:string" id_ref="annotation_background_color" ref="A:1">w</property>
                <clade>
                  <name>Schwartzia</name>
                  <branch_length>1.0</branch_length>
                  <property applies_to="clade" datatype="xsd:string" id_ref="annotation_background_color" ref="A:1">r</property>
                  <property applies_to="clade" datatype="xsd:string" id_ref="annotation" ref="A:1">Schwartzia</property>
                  <property applies_to="clade" datatype="xsd:string" id_ref="clade_marker_size" ref="A:1">3</property>
                  <property applies_to="clade" datatype="xsd:string" id_ref="clade_marker_edge_width" ref="A:1">4.0</property>
                  <property applies_to="clade" datatype="xsd:string" id_ref="annotation_rotation" ref="A:1">1</property>
                  <property applies_to="clade" datatype="xsd:string" id_ref="annotation_font_size" ref="A:1">7</property>
                </clade>
                <clade>
                  <name>Selenomonas</name>
                  <branch_length>1.0</branch_length>
                  <property applies_to="clade" datatype="xsd:string" id_ref="annotation_background_color" ref="A:1">r</property>
                  <property applies_to="clade" datatype="xsd:string" id_ref="annotation" ref="A:1">Selenomonas</property>
                  <property applies_to="clade" datatype="xsd:string" id_ref="clade_marker_size" ref="A:1">3</property>
                  <property applies_to="clade" datatype="xsd:string" id_ref="clade_marker_edge_width" ref="A:1">3.0</property>
                  <property applies_to="clade" datatype="xsd:string" id_ref="annotation_rotation" ref="A:1">1</property>
                  <property applies_to="clade" datatype="xsd:string" id_ref="annotation_font_size" ref="A:1">7</property>
                  <clade>
                    <name>Selenomonas_sputigena</name>
                    <branch_length>1.0</branch_length>
                    <property applies_to="clade" datatype="xsd:string" id_ref="annotation_background_color" ref="A:1">r</property>
                    <property applies_to="clade" datatype="xsd:string" id_ref="annotation" ref="A:1">Selenomonas_sputigena</property>
                    <property applies_to="clade" datatype="xsd:string" id_ref="clade_marker_size" ref="A:1">4</property>
                    <property applies_to="clade" datatype="xsd:string" id_ref="clade_marker_edge_width" ref="A:1">4.0</property>
                    <property applies_to="clade" datatype="xsd:string" id_ref="annotation_rotation" ref="A:1">1</property>
                    <property applies_to="clade" datatype="xsd:string" id_ref="annotation_font_size" ref="A:1">4</property>
                  </clade>
                </clade>
              </clade>
            </clade>
            <clade>
              <name>Veillonellales</name>
              <branch_length>1.0</branch_length>
              <clade>
                <name>Veillonellaceae</name>
                <branch_length>1.0</branch_length>
                <clade>
                  <name>Veillonella</name>
                  <branch_length>1.0</branch_length>
                  <property applies_to="clade" datatype="xsd:string" id_ref="annotation_background_color" ref="A:1">b</property>
                  <property applies_to="clade" datatype="xsd:string" id_ref="annotation" ref="A:1">Veillonella</property>
                  <property applies_to="clade" datatype="xsd:string" id_ref="clade_marker_size" ref="A:1">1</property>
                  <property applies_to="clade" datatype="xsd:string" id_ref="clade_marker_edge_width" ref="A:1">3.0</property>
                  <property applies_to="clade" datatype="xsd:string" id_ref="annotation_rotation" ref="A:1">1</property>
                  <property applies_to="clade" datatype="xsd:string" id_ref="annotation_font_size" ref="A:1">7</property>
                </clade>
              </clade>
            </clade>
          </clade>
          <clade>
            <name>Tissierellia</name>
            <branch_length>1.0</branch_length>
            <clade>
              <name>Tissierellales</name>
              <branch_length>1.0</branch_length>
              <clade>
                <name>Peptoniphilaceae</name>
                <branch_length>1.0</branch_length>
                <property applies_to="clade" datatype="xsd:string" id_ref="annotation_background_color" ref="A:1">w</property>
                <clade>
                  <name>CYUO_g</name>
                  <branch_length>1.0</branch_length>
                  <property applies_to="clade" datatype="xsd:string" id_ref="annotation_background_color" ref="A:1">b</property>
                  <property applies_to="clade" datatype="xsd:string" id_ref="annotation" ref="A:1">CYUO_g</property>
                  <property applies_to="clade" datatype="xsd:string" id_ref="clade_marker_size" ref="A:1">1</property>
                  <property applies_to="clade" datatype="xsd:string" id_ref="clade_marker_edge_width" ref="A:1">4.0</property>
                  <property applies_to="clade" datatype="xsd:string" id_ref="annotation_rotation" ref="A:1">1</property>
                  <property applies_to="clade" datatype="xsd:string" id_ref="annotation_font_size" ref="A:1">7</property>
                </clade>
                <clade>
                  <name>Parvimonas</name>
                  <branch_length>1.0</branch_length>
                  <property applies_to="clade" datatype="xsd:string" id_ref="annotation_background_color" ref="A:1">r</property>
                  <property applies_to="clade" datatype="xsd:string" id_ref="annotation" ref="A:1">Parvimonas</property>
                  <property applies_to="clade" datatype="xsd:string" id_ref="clade_marker_size" ref="A:1">2</property>
                  <property applies_to="clade" datatype="xsd:string" id_ref="clade_marker_edge_width" ref="A:1">3.0</property>
                  <property applies_to="clade" datatype="xsd:string" id_ref="annotation_rotation" ref="A:1">1</property>
                  <property applies_to="clade" datatype="xsd:string" id_ref="annotation_font_size" ref="A:1">7</property>
                  <clade>
                    <name>Parvimonas_micra</name>
                    <branch_length>1.0</branch_length>
                    <property applies_to="clade" datatype="xsd:string" id_ref="annotation_background_color" ref="A:1">r</property>
                    <property applies_to="clade" datatype="xsd:string" id_ref="annotation" ref="A:1">Parvimonas_micra</property>
                    <property applies_to="clade" datatype="xsd:string" id_ref="clade_marker_size" ref="A:1">1</property>
                    <property applies_to="clade" datatype="xsd:string" id_ref="clade_marker_edge_width" ref="A:1">3.0</property>
                    <property applies_to="clade" datatype="xsd:string" id_ref="annotation_rotation" ref="A:1">1</property>
                    <property applies_to="clade" datatype="xsd:string" id_ref="annotation_font_size" ref="A:1">4</property>
                  </clade>
                </clade>
                <clade>
                  <name>Peptoniphilus</name>
                  <branch_length>1.0</branch_length>
                  <property applies_to="clade" datatype="xsd:string" id_ref="annotation_background_color" ref="A:1">b</property>
                  <property applies_to="clade" datatype="xsd:string" id_ref="annotation" ref="A:1">Peptoniphilus</property>
                  <property applies_to="clade" datatype="xsd:string" id_ref="clade_marker_size" ref="A:1">11</property>
                  <property applies_to="clade" datatype="xsd:string" id_ref="clade_marker_edge_width" ref="A:1">3.0</property>
                  <property applies_to="clade" datatype="xsd:string" id_ref="annotation_rotation" ref="A:1">1</property>
                  <property applies_to="clade" datatype="xsd:string" id_ref="annotation_font_size" ref="A:1">7</property>
                  <clade>
                    <name>Peptoniphilus_rhinitidis</name>
                    <branch_length>1.0</branch_length>
                    <property applies_to="clade" datatype="xsd:string" id_ref="annotation_background_color" ref="A:1">b</property>
                    <property applies_to="clade" datatype="xsd:string" id_ref="annotation" ref="A:1">Peptoniphilus_rhinitidis</property>
                    <property applies_to="clade" datatype="xsd:string" id_ref="clade_marker_size" ref="A:1">1</property>
                    <property applies_to="clade" datatype="xsd:string" id_ref="clade_marker_edge_width" ref="A:1">3.0</property>
                    <property applies_to="clade" datatype="xsd:string" id_ref="annotation_rotation" ref="A:1">1</property>
                    <property applies_to="clade" datatype="xsd:string" id_ref="annotation_font_size" ref="A:1">4</property>
                  </clade>
                </clade>
                <clade>
                  <name>Anaerococcus</name>
                  <branch_length>1.0</branch_length>
                  <property applies_to="clade" datatype="xsd:string" id_ref="annotation_background_color" ref="A:1">b</property>
                  <property applies_to="clade" datatype="xsd:string" id_ref="annotation" ref="A:1">Anaerococcus</property>
                  <property applies_to="clade" datatype="xsd:string" id_ref="clade_marker_size" ref="A:1">8</property>
                  <property applies_to="clade" datatype="xsd:string" id_ref="clade_marker_edge_width" ref="A:1">3.0</property>
                  <property applies_to="clade" datatype="xsd:string" id_ref="annotation_rotation" ref="A:1">1</property>
                  <property applies_to="clade" datatype="xsd:string" id_ref="annotation_font_size" ref="A:1">7</property>
                  <clade>
                    <name>Anaerococcus_octavius</name>
                    <branch_length>1.0</branch_length>
                    <property applies_to="clade" datatype="xsd:string" id_ref="annotation_background_color" ref="A:1">b</property>
                    <property applies_to="clade" datatype="xsd:string" id_ref="annotation" ref="A:1">Anaerococcus_octavius</property>
                    <property applies_to="clade" datatype="xsd:string" id_ref="clade_marker_size" ref="A:1">1</property>
                    <property applies_to="clade" datatype="xsd:string" id_ref="clade_marker_edge_width" ref="A:1">3.0</property>
                    <property applies_to="clade" datatype="xsd:string" id_ref="annotation_rotation" ref="A:1">1</property>
                    <property applies_to="clade" datatype="xsd:string" id_ref="annotation_font_size" ref="A:1">4</property>
                  </clade>
                </clade>
              </clade>
            </clade>
          </clade>
          <clade>
            <name>Clostridia</name>
            <branch_length>1.0</branch_length>
            <clade>
              <name>Clostridiales</name>
              <branch_length>1.0</branch_length>
              <clade>
                <name>Peptostreptococcaceae</name>
                <branch_length>1.0</branch_length>
                <clade>
                  <name>Peptostreptococcus</name>
                  <branch_length>1.0</branch_length>
                  <property applies_to="clade" datatype="xsd:string" id_ref="annotation_background_color" ref="A:1">r</property>
                  <property applies_to="clade" datatype="xsd:string" id_ref="annotation" ref="A:1">Peptostreptococcus</property>
                  <property applies_to="clade" datatype="xsd:string" id_ref="clade_marker_size" ref="A:1">1</property>
                  <property applies_to="clade" datatype="xsd:string" id_ref="clade_marker_edge_width" ref="A:1">3.0</property>
                  <property applies_to="clade" datatype="xsd:string" id_ref="annotation_rotation" ref="A:1">1</property>
                  <property applies_to="clade" datatype="xsd:string" id_ref="annotation_font_size" ref="A:1">7</property>
                </clade>
              </clade>
              <clade>
                <name>Mogibacterium_f</name>
                <branch_length>1.0</branch_length>
                <property applies_to="clade" datatype="xsd:string" id_ref="annotation_background_color" ref="A:1">w</property>
                <clade>
                  <name>Aminicella</name>
                  <branch_length>1.0</branch_length>
                  <property applies_to="clade" datatype="xsd:string" id_ref="annotation_background_color" ref="A:1">r</property>
                  <property applies_to="clade" datatype="xsd:string" id_ref="annotation" ref="A:1">Aminicella</property>
                  <property applies_to="clade" datatype="xsd:string" id_ref="clade_marker_size" ref="A:1">8</property>
                  <property applies_to="clade" datatype="xsd:string" id_ref="clade_marker_edge_width" ref="A:1">3.0</property>
                  <property applies_to="clade" datatype="xsd:string" id_ref="annotation_rotation" ref="A:1">1</property>
                  <property applies_to="clade" datatype="xsd:string" id_ref="annotation_font_size" ref="A:1">7</property>
                  <clade>
                    <name>Eubacterium_nodatum</name>
                    <branch_length>1.0</branch_length>
                    <property applies_to="clade" datatype="xsd:string" id_ref="annotation_background_color" ref="A:1">r</property>
                    <property applies_to="clade" datatype="xsd:string" id_ref="annotation" ref="A:1">Eubacterium_nodatum</property>
                    <property applies_to="clade" datatype="xsd:string" id_ref="clade_marker_size" ref="A:1">13</property>
                    <property applies_to="clade" datatype="xsd:string" id_ref="clade_marker_edge_width" ref="A:1">3.0</property>
                    <property applies_to="clade" datatype="xsd:string" id_ref="annotation_rotation" ref="A:1">1</property>
                    <property applies_to="clade" datatype="xsd:string" id_ref="annotation_font_size" ref="A:1">4</property>
                  </clade>
                </clade>
                <clade>
                  <name>Mogibacterium</name>
                  <branch_length>1.0</branch_length>
                  <property applies_to="clade" datatype="xsd:string" id_ref="annotation_background_color" ref="A:1">r</property>
                  <property applies_to="clade" datatype="xsd:string" id_ref="annotation" ref="A:1">Mogibacterium</property>
                  <property applies_to="clade" datatype="xsd:string" id_ref="clade_marker_size" ref="A:1">1</property>
                  <property applies_to="clade" datatype="xsd:string" id_ref="clade_marker_edge_width" ref="A:1">4.0</property>
                  <property applies_to="clade" datatype="xsd:string" id_ref="annotation_rotation" ref="A:1">1</property>
                  <property applies_to="clade" datatype="xsd:string" id_ref="annotation_font_size" ref="A:1">7</property>
                </clade>
                <clade>
                  <name>Eubacterium_g11</name>
                  <branch_length>1.0</branch_length>
                  <clade>
                    <name>Eubacterium_brachy</name>
                    <branch_length>1.0</branch_length>
                    <property applies_to="clade" datatype="xsd:string" id_ref="annotation_background_color" ref="A:1">r</property>
                    <property applies_to="clade" datatype="xsd:string" id_ref="annotation" ref="A:1">Eubacterium_brachy</property>
                    <property applies_to="clade" datatype="xsd:string" id_ref="clade_marker_size" ref="A:1">4</property>
                    <property applies_to="clade" datatype="xsd:string" id_ref="clade_marker_edge_width" ref="A:1">3.0</property>
                    <property applies_to="clade" datatype="xsd:string" id_ref="annotation_rotation" ref="A:1">1</property>
                    <property applies_to="clade" datatype="xsd:string" id_ref="annotation_font_size" ref="A:1">4</property>
                  </clade>
                </clade>
              </clade>
              <clade>
                <name>Lachnospiraceae</name>
                <branch_length>1.0</branch_length>
                <property applies_to="clade" datatype="xsd:string" id_ref="annotation_background_color" ref="A:1">w</property>
                <clade>
                  <name>Lachnoanaerobaculum</name>
                  <branch_length>1.0</branch_length>
                  <property applies_to="clade" datatype="xsd:string" id_ref="annotation_background_color" ref="A:1">r</property>
                  <property applies_to="clade" datatype="xsd:string" id_ref="annotation" ref="A:1">Lachnoanaerobaculum</property>
                  <property applies_to="clade" datatype="xsd:string" id_ref="clade_marker_size" ref="A:1">6</property>
                  <property applies_to="clade" datatype="xsd:string" id_ref="clade_marker_edge_width" ref="A:1">3.0</property>
                  <property applies_to="clade" datatype="xsd:string" id_ref="annotation_rotation" ref="A:1">1</property>
                  <property applies_to="clade" datatype="xsd:string" id_ref="annotation_font_size" ref="A:1">7</property>
                  <clade>
                    <name>Lachnoanaerobaculum_saburreum</name>
                    <branch_length>1.0</branch_length>
                    <property applies_to="clade" datatype="xsd:string" id_ref="annotation_background_color" ref="A:1">r</property>
                    <property applies_to="clade" datatype="xsd:string" id_ref="annotation" ref="A:1">Lachnoanaerobaculum_saburreum</property>
                    <property applies_to="clade" datatype="xsd:string" id_ref="clade_marker_size" ref="A:1">1</property>
                    <property applies_to="clade" datatype="xsd:string" id_ref="clade_marker_edge_width" ref="A:1">3.0</property>
                    <property applies_to="clade" datatype="xsd:string" id_ref="annotation_rotation" ref="A:1">1</property>
                    <property applies_to="clade" datatype="xsd:string" id_ref="annotation_font_size" ref="A:1">4</property>
                  </clade>
                </clade>
                <clade>
                  <name>Johnsonella</name>
                  <branch_length>1.0</branch_length>
                  <property applies_to="clade" datatype="xsd:string" id_ref="annotation_background_color" ref="A:1">r</property>
                  <property applies_to="clade" datatype="xsd:string" id_ref="annotation" ref="A:1">Johnsonella</property>
                  <property applies_to="clade" datatype="xsd:string" id_ref="clade_marker_size" ref="A:1">11</property>
                  <property applies_to="clade" datatype="xsd:string" id_ref="clade_marker_edge_width" ref="A:1">3.0</property>
                  <property applies_to="clade" datatype="xsd:string" id_ref="annotation_rotation" ref="A:1">1</property>
                  <property applies_to="clade" datatype="xsd:string" id_ref="annotation_font_size" ref="A:1">7</property>
                </clade>
                <clade>
                  <name>Oribacterium</name>
                  <branch_length>1.0</branch_length>
                  <clade>
                    <name>ACIQ_s</name>
                    <branch_length>1.0</branch_length>
                    <property applies_to="clade" datatype="xsd:string" id_ref="annotation_background_color" ref="A:1">r</property>
                    <property applies_to="clade" datatype="xsd:string" id_ref="annotation" ref="A:1">ACIQ_s</property>
                    <property applies_to="clade" datatype="xsd:string" id_ref="clade_marker_size" ref="A:1">1</property>
                    <property applies_to="clade" datatype="xsd:string" id_ref="clade_marker_edge_width" ref="A:1">3.0</property>
                    <property applies_to="clade" datatype="xsd:string" id_ref="annotation_rotation" ref="A:1">1</property>
                    <property applies_to="clade" datatype="xsd:string" id_ref="annotation_font_size" ref="A:1">4</property>
                  </clade>
                </clade>
              </clade>
            </clade>
          </clade>
        </clade>
        <clade>
          <name>Bacteroidetes</name>
          <branch_length>1.0</branch_length>
          <property applies_to="clade" datatype="xsd:string" id_ref="annotation" ref="A:1">Bacteroidetes</property>
          <property applies_to="clade" datatype="xsd:string" id_ref="annotation_rotation" ref="A:1">1</property>
          <property applies_to="clade" datatype="xsd:string" id_ref="annotation_font_size" ref="A:1">9</property>
          <property applies_to="clade" datatype="xsd:string" id_ref="annotation_background_color" ref="A:1">#eedbfc</property>
          <clade>
            <name>Bacteroidia</name>
            <branch_length>1.0</branch_length>
            <clade>
              <name>Bacteroidales</name>
              <branch_length>1.0</branch_length>
              <clade>
                <name>Prevotellaceae</name>
                <branch_length>1.0</branch_length>
                <property applies_to="clade" datatype="xsd:string" id_ref="annotation_background_color" ref="A:1">w</property>
                <clade>
                  <name>Alloprevotella</name>
                  <branch_length>1.0</branch_length>
                  <property applies_to="clade" datatype="xsd:string" id_ref="annotation_background_color" ref="A:1">w</property>
                  <clade>
                    <name>Alloprevotella_tannerae</name>
                    <branch_length>1.0</branch_length>
                    <property applies_to="clade" datatype="xsd:string" id_ref="annotation_background_color" ref="A:1">r</property>
                    <property applies_to="clade" datatype="xsd:string" id_ref="annotation" ref="A:1">Alloprevotella_tannerae</property>
                    <property applies_to="clade" datatype="xsd:string" id_ref="clade_marker_size" ref="A:1">60</property>
                    <property applies_to="clade" datatype="xsd:string" id_ref="clade_marker_edge_width" ref="A:1">3.0</property>
                    <property applies_to="clade" datatype="xsd:string" id_ref="annotation_rotation" ref="A:1">1</property>
                    <property applies_to="clade" datatype="xsd:string" id_ref="annotation_font_size" ref="A:1">4</property>
                  </clade>
                </clade>
                <clade>
                  <name>Prevotella</name>
                  <branch_length>1.0</branch_length>
                  <property applies_to="clade" datatype="xsd:string" id_ref="annotation_background_color" ref="A:1">w</property>
                  <clade>
                    <name>Prevotella_melaninogenica</name>
                    <branch_length>1.0</branch_length>
                    <property applies_to="clade" datatype="xsd:string" id_ref="annotation_background_color" ref="A:1">b</property>
                    <property applies_to="clade" datatype="xsd:string" id_ref="annotation" ref="A:1">Prevotella_melaninogenica</property>
                    <property applies_to="clade" datatype="xsd:string" id_ref="clade_marker_size" ref="A:1">4</property>
                    <property applies_to="clade" datatype="xsd:string" id_ref="clade_marker_edge_width" ref="A:1">3.0</property>
                    <property applies_to="clade" datatype="xsd:string" id_ref="annotation_rotation" ref="A:1">1</property>
                    <property applies_to="clade" datatype="xsd:string" id_ref="annotation_font_size" ref="A:1">4</property>
                  </clade>
                  <clade>
                    <name>Prevotella_oralis</name>
                    <branch_length>1.0</branch_length>
                    <property applies_to="clade" datatype="xsd:string" id_ref="annotation_background_color" ref="A:1">r</property>
                    <property applies_to="clade" datatype="xsd:string" id_ref="annotation" ref="A:1">Prevotella_oralis</property>
                    <property applies_to="clade" datatype="xsd:string" id_ref="clade_marker_size" ref="A:1">1</property>
                    <property applies_to="clade" datatype="xsd:string" id_ref="clade_marker_edge_width" ref="A:1">3.0</property>
                    <property applies_to="clade" datatype="xsd:string" id_ref="annotation_rotation" ref="A:1">1</property>
                    <property applies_to="clade" datatype="xsd:string" id_ref="annotation_font_size" ref="A:1">4</property>
                  </clade>
                  <clade>
                    <name>Prevotella_buccae</name>
                    <branch_length>1.0</branch_length>
                    <property applies_to="clade" datatype="xsd:string" id_ref="annotation_background_color" ref="A:1">r</property>
                    <property applies_to="clade" datatype="xsd:string" id_ref="annotation" ref="A:1">Prevotella_buccae</property>
                    <property applies_to="clade" datatype="xsd:string" id_ref="clade_marker_size" ref="A:1">1</property>
                    <property applies_to="clade" datatype="xsd:string" id_ref="clade_marker_edge_width" ref="A:1">4.0</property>
                    <property applies_to="clade" datatype="xsd:string" id_ref="annotation_rotation" ref="A:1">1</property>
                    <property applies_to="clade" datatype="xsd:string" id_ref="annotation_font_size" ref="A:1">4</property>
                  </clade>
                  <clade>
                    <name>Prevotella_timonensis</name>
                    <branch_length>1.0</branch_length>
                    <property applies_to="clade" datatype="xsd:string" id_ref="annotation_background_color" ref="A:1">b</property>
                    <property applies_to="clade" datatype="xsd:string" id_ref="annotation" ref="A:1">Prevotella_timonensis</property>
                    <property applies_to="clade" datatype="xsd:string" id_ref="clade_marker_size" ref="A:1">4</property>
                    <property applies_to="clade" datatype="xsd:string" id_ref="clade_marker_edge_width" ref="A:1">3.0</property>
                    <property applies_to="clade" datatype="xsd:string" id_ref="annotation_rotation" ref="A:1">1</property>
                    <property applies_to="clade" datatype="xsd:string" id_ref="annotation_font_size" ref="A:1">4</property>
                  </clade>
                  <clade>
                    <name>Prevotella_oulorum</name>
                    <branch_length>1.0</branch_length>
                    <property applies_to="clade" datatype="xsd:string" id_ref="annotation_background_color" ref="A:1">r</property>
                    <property applies_to="clade" datatype="xsd:string" id_ref="annotation" ref="A:1">Prevotella_oulorum</property>
                    <property applies_to="clade" datatype="xsd:string" id_ref="clade_marker_size" ref="A:1">1</property>
                    <property applies_to="clade" datatype="xsd:string" id_ref="clade_marker_edge_width" ref="A:1">3.0</property>
                    <property applies_to="clade" datatype="xsd:string" id_ref="annotation_rotation" ref="A:1">1</property>
                    <property applies_to="clade" datatype="xsd:string" id_ref="annotation_font_size" ref="A:1">4</property>
                  </clade>
                  <clade>
                    <name>Prevotella_saccharolytica</name>
                    <branch_length>1.0</branch_length>
                    <property applies_to="clade" datatype="xsd:string" id_ref="annotation_background_color" ref="A:1">r</property>
                    <property applies_to="clade" datatype="xsd:string" id_ref="annotation" ref="A:1">Prevotella_saccharolytica</property>
                    <property applies_to="clade" datatype="xsd:string" id_ref="clade_marker_size" ref="A:1">4</property>
                    <property applies_to="clade" datatype="xsd:string" id_ref="clade_marker_edge_width" ref="A:1">3.0</property>
                    <property applies_to="clade" datatype="xsd:string" id_ref="annotation_rotation" ref="A:1">1</property>
                    <property applies_to="clade" datatype="xsd:string" id_ref="annotation_font_size" ref="A:1">4</property>
                  </clade>
                  <clade>
                    <name>Prevotella_intermedia</name>
                    <branch_length>1.0</branch_length>
                    <property applies_to="clade" datatype="xsd:string" id_ref="annotation_background_color" ref="A:1">r</property>
                    <property applies_to="clade" datatype="xsd:string" id_ref="annotation" ref="A:1">Prevotella_intermedia</property>
                    <property applies_to="clade" datatype="xsd:string" id_ref="clade_marker_size" ref="A:1">9</property>
                    <property applies_to="clade" datatype="xsd:string" id_ref="clade_marker_edge_width" ref="A:1">3.0</property>
                    <property applies_to="clade" datatype="xsd:string" id_ref="annotation_rotation" ref="A:1">1</property>
                    <property applies_to="clade" datatype="xsd:string" id_ref="annotation_font_size" ref="A:1">4</property>
                  </clade>
                </clade>
              </clade>
              <clade>
                <name>Porphyromonadaceae</name>
                <branch_length>1.0</branch_length>
                <property applies_to="clade" datatype="xsd:string" id_ref="annotation_background_color" ref="A:1">w</property>
                <clade>
                  <name>ADCM_g</name>
                  <branch_length>1.0</branch_length>
                  <clade>
                    <name>ADCM_s</name>
                    <branch_length>1.0</branch_length>
                    <property applies_to="clade" datatype="xsd:string" id_ref="annotation_background_color" ref="A:1">r</property>
                    <property applies_to="clade" datatype="xsd:string" id_ref="annotation" ref="A:1">ADCM_s</property>
                    <property applies_to="clade" datatype="xsd:string" id_ref="clade_marker_size" ref="A:1">1</property>
                    <property applies_to="clade" datatype="xsd:string" id_ref="clade_marker_edge_width" ref="A:1">3.0</property>
                    <property applies_to="clade" datatype="xsd:string" id_ref="annotation_rotation" ref="A:1">1</property>
                    <property applies_to="clade" datatype="xsd:string" id_ref="annotation_font_size" ref="A:1">4</property>
                  </clade>
                </clade>
                <clade>
                  <name>Porphyromonas</name>
                  <branch_length>1.0</branch_length>
                  <property applies_to="clade" datatype="xsd:string" id_ref="annotation_background_color" ref="A:1">r</property>
                  <property applies_to="clade" datatype="xsd:string" id_ref="annotation" ref="A:1">Porphyromonas</property>
                  <property applies_to="clade" datatype="xsd:string" id_ref="clade_marker_size" ref="A:1">9</property>
                  <property applies_to="clade" datatype="xsd:string" id_ref="clade_marker_edge_width" ref="A:1">3.0</property>
                  <property applies_to="clade" datatype="xsd:string" id_ref="annotation_rotation" ref="A:1">1</property>
                  <property applies_to="clade" datatype="xsd:string" id_ref="annotation_font_size" ref="A:1">7</property>
                  <clade>
                    <name>Porphyromonas_gingivalis</name>
                    <branch_length>1.0</branch_length>
                    <property applies_to="clade" datatype="xsd:string" id_ref="annotation_background_color" ref="A:1">r</property>
                    <property applies_to="clade" datatype="xsd:string" id_ref="annotation" ref="A:1">Porphyromonas_gingivalis</property>
                    <property applies_to="clade" datatype="xsd:string" id_ref="clade_marker_size" ref="A:1">3</property>
                    <property applies_to="clade" datatype="xsd:string" id_ref="clade_marker_edge_width" ref="A:1">3.0</property>
                    <property applies_to="clade" datatype="xsd:string" id_ref="annotation_rotation" ref="A:1">1</property>
                    <property applies_to="clade" datatype="xsd:string" id_ref="annotation_font_size" ref="A:1">4</property>
                  </clade>
                  <clade>
                    <name>Porphyromonas_endodontalis</name>
                    <branch_length>1.0</branch_length>
                    <property applies_to="clade" datatype="xsd:string" id_ref="annotation_background_color" ref="A:1">r</property>
                    <property applies_to="clade" datatype="xsd:string" id_ref="annotation" ref="A:1">Porphyromonas_endodontalis</property>
                    <property applies_to="clade" datatype="xsd:string" id_ref="clade_marker_size" ref="A:1">43</property>
                    <property applies_to="clade" datatype="xsd:string" id_ref="clade_marker_edge_width" ref="A:1">3.0</property>
                    <property applies_to="clade" datatype="xsd:string" id_ref="annotation_rotation" ref="A:1">1</property>
                    <property applies_to="clade" datatype="xsd:string" id_ref="annotation_font_size" ref="A:1">4</property>
                  </clade>
                  <clade>
                    <name>Porphyromonas_bennonis</name>
                    <branch_length>1.0</branch_length>
                    <property applies_to="clade" datatype="xsd:string" id_ref="annotation_background_color" ref="A:1">b</property>
                    <property applies_to="clade" datatype="xsd:string" id_ref="annotation" ref="A:1">Porphyromonas_bennonis</property>
                    <property applies_to="clade" datatype="xsd:string" id_ref="clade_marker_size" ref="A:1">2</property>
                    <property applies_to="clade" datatype="xsd:string" id_ref="clade_marker_edge_width" ref="A:1">3.0</property>
                    <property applies_to="clade" datatype="xsd:string" id_ref="annotation_rotation" ref="A:1">1</property>
                    <property applies_to="clade" datatype="xsd:string" id_ref="annotation_font_size" ref="A:1">4</property>
                  </clade>
                  <clade>
                    <name>Porphyromonas_uenonis</name>
                    <branch_length>1.0</branch_length>
                    <property applies_to="clade" datatype="xsd:string" id_ref="annotation_background_color" ref="A:1">b</property>
                    <property applies_to="clade" datatype="xsd:string" id_ref="annotation" ref="A:1">Porphyromonas_uenonis</property>
                    <property applies_to="clade" datatype="xsd:string" id_ref="clade_marker_size" ref="A:1">1</property>
                    <property applies_to="clade" datatype="xsd:string" id_ref="clade_marker_edge_width" ref="A:1">3.0</property>
                    <property applies_to="clade" datatype="xsd:string" id_ref="annotation_rotation" ref="A:1">1</property>
                    <property applies_to="clade" datatype="xsd:string" id_ref="annotation_font_size" ref="A:1">4</property>
                  </clade>
                </clade>
                <clade>
                  <name>Tannerella</name>
                  <branch_length>1.0</branch_length>
                  <property applies_to="clade" datatype="xsd:string" id_ref="annotation_background_color" ref="A:1">r</property>
                  <property applies_to="clade" datatype="xsd:string" id_ref="annotation" ref="A:1">Tannerella</property>
                  <property applies_to="clade" datatype="xsd:string" id_ref="clade_marker_size" ref="A:1">161</property>
                  <property applies_to="clade" datatype="xsd:string" id_ref="clade_marker_edge_width" ref="A:1">3.0</property>
                  <property applies_to="clade" datatype="xsd:string" id_ref="annotation_rotation" ref="A:1">1</property>
                  <property applies_to="clade" datatype="xsd:string" id_ref="annotation_font_size" ref="A:1">7</property>
                  <clade>
                    <name>Tannerella_forsythia</name>
                    <branch_length>1.0</branch_length>
                    <property applies_to="clade" datatype="xsd:string" id_ref="annotation_background_color" ref="A:1">r</property>
                    <property applies_to="clade" datatype="xsd:string" id_ref="annotation" ref="A:1">Tannerella_forsythia</property>
                    <property applies_to="clade" datatype="xsd:string" id_ref="clade_marker_size" ref="A:1">104</property>
                    <property applies_to="clade" datatype="xsd:string" id_ref="clade_marker_edge_width" ref="A:1">3.0</property>
                    <property applies_to="clade" datatype="xsd:string" id_ref="annotation_rotation" ref="A:1">1</property>
                    <property applies_to="clade" datatype="xsd:string" id_ref="annotation_font_size" ref="A:1">4</property>
                  </clade>
                  <clade>
                    <name>AYUF_s</name>
                    <branch_length>1.0</branch_length>
                    <property applies_to="clade" datatype="xsd:string" id_ref="annotation_background_color" ref="A:1">r</property>
                    <property applies_to="clade" datatype="xsd:string" id_ref="annotation" ref="A:1">AYUF_s</property>
                    <property applies_to="clade" datatype="xsd:string" id_ref="clade_marker_size" ref="A:1">21</property>
                    <property applies_to="clade" datatype="xsd:string" id_ref="clade_marker_edge_width" ref="A:1">3.0</property>
                    <property applies_to="clade" datatype="xsd:string" id_ref="annotation_rotation" ref="A:1">1</property>
                    <property applies_to="clade" datatype="xsd:string" id_ref="annotation_font_size" ref="A:1">4</property>
                  </clade>
                </clade>
                <clade>
                  <name>Parabacteroides</name>
                  <branch_length>1.0</branch_length>
                  <clade>
                    <name>Parabacteroides_chinchillae</name>
                    <branch_length>1.0</branch_length>
                    <property applies_to="clade" datatype="xsd:string" id_ref="annotation_background_color" ref="A:1">r</property>
                    <property applies_to="clade" datatype="xsd:string" id_ref="annotation" ref="A:1">Parabacteroides_chinchillae</property>
                    <property applies_to="clade" datatype="xsd:string" id_ref="clade_marker_size" ref="A:1">2</property>
                    <property applies_to="clade" datatype="xsd:string" id_ref="clade_marker_edge_width" ref="A:1">3.0</property>
                    <property applies_to="clade" datatype="xsd:string" id_ref="annotation_rotation" ref="A:1">1</property>
                    <property applies_to="clade" datatype="xsd:string" id_ref="annotation_font_size" ref="A:1">4</property>
                  </clade>
                </clade>
              </clade>
              <clade>
                <name>Bacteroidaceae</name>
                <branch_length>1.0</branch_length>
                <clade>
                  <name>Bacteroides</name>
                  <branch_length>1.0</branch_length>
                  <clade>
                    <name>Phocaeicola_abscessus</name>
                    <branch_length>1.0</branch_length>
                    <property applies_to="clade" datatype="xsd:string" id_ref="annotation_background_color" ref="A:1">r</property>
                    <property applies_to="clade" datatype="xsd:string" id_ref="annotation" ref="A:1">Phocaeicola_abscessus</property>
                    <property applies_to="clade" datatype="xsd:string" id_ref="clade_marker_size" ref="A:1">2</property>
                    <property applies_to="clade" datatype="xsd:string" id_ref="clade_marker_edge_width" ref="A:1">3.0</property>
                    <property applies_to="clade" datatype="xsd:string" id_ref="annotation_rotation" ref="A:1">1</property>
                    <property applies_to="clade" datatype="xsd:string" id_ref="annotation_font_size" ref="A:1">4</property>
                  </clade>
                </clade>
              </clade>
            </clade>
          </clade>
          <clade>
            <name>Flavobacteria</name>
            <branch_length>1.0</branch_length>
            <clade>
              <name>Flavobacteriales</name>
              <branch_length>1.0</branch_length>
              <clade>
                <name>Flavobacteriaceae</name>
                <branch_length>1.0</branch_length>
                <property applies_to="clade" datatype="xsd:string" id_ref="annotation_background_color" ref="A:1">w</property>
                <clade>
                  <name>Capnocytophaga</name>
                  <branch_length>1.0</branch_length>
                  <property applies_to="clade" datatype="xsd:string" id_ref="annotation_background_color" ref="A:1">r</property>
                  <property applies_to="clade" datatype="xsd:string" id_ref="annotation" ref="A:1">Capnocytophaga</property>
                  <property applies_to="clade" datatype="xsd:string" id_ref="clade_marker_size" ref="A:1">116</property>
                  <property applies_to="clade" datatype="xsd:string" id_ref="clade_marker_edge_width" ref="A:1">3.0</property>
                  <property applies_to="clade" datatype="xsd:string" id_ref="annotation_rotation" ref="A:1">1</property>
                  <property applies_to="clade" datatype="xsd:string" id_ref="annotation_font_size" ref="A:1">7</property>
                  <clade>
                    <name>Capnocytophaga_leadbetteri</name>
                    <branch_length>1.0</branch_length>
                    <property applies_to="clade" datatype="xsd:string" id_ref="annotation_background_color" ref="A:1">r</property>
                    <property applies_to="clade" datatype="xsd:string" id_ref="annotation" ref="A:1">Capnocytophaga_leadbetteri</property>
                    <property applies_to="clade" datatype="xsd:string" id_ref="clade_marker_size" ref="A:1">33</property>
                    <property applies_to="clade" datatype="xsd:string" id_ref="clade_marker_edge_width" ref="A:1">3.0</property>
                    <property applies_to="clade" datatype="xsd:string" id_ref="annotation_rotation" ref="A:1">1</property>
                    <property applies_to="clade" datatype="xsd:string" id_ref="annotation_font_size" ref="A:1">4</property>
                  </clade>
                  <clade>
                    <name>Capnocytophaga_ochracea</name>
                    <branch_length>1.0</branch_length>
                    <property applies_to="clade" datatype="xsd:string" id_ref="annotation_background_color" ref="A:1">r</property>
                    <property applies_to="clade" datatype="xsd:string" id_ref="annotation" ref="A:1">Capnocytophaga_ochracea</property>
                    <property applies_to="clade" datatype="xsd:string" id_ref="clade_marker_size" ref="A:1">1</property>
                    <property applies_to="clade" datatype="xsd:string" id_ref="clade_marker_edge_width" ref="A:1">3.0</property>
                    <property applies_to="clade" datatype="xsd:string" id_ref="annotation_rotation" ref="A:1">1</property>
                    <property applies_to="clade" datatype="xsd:string" id_ref="annotation_font_size" ref="A:1">4</property>
                  </clade>
                  <clade>
                    <name>Capnocytophaga_granulosa</name>
                    <branch_length>1.0</branch_length>
                    <property applies_to="clade" datatype="xsd:string" id_ref="annotation_background_color" ref="A:1">r</property>
                    <property applies_to="clade" datatype="xsd:string" id_ref="annotation" ref="A:1">Capnocytophaga_granulosa</property>
                    <property applies_to="clade" datatype="xsd:string" id_ref="clade_marker_size" ref="A:1">26</property>
                    <property applies_to="clade" datatype="xsd:string" id_ref="clade_marker_edge_width" ref="A:1">3.0</property>
                    <property applies_to="clade" datatype="xsd:string" id_ref="annotation_rotation" ref="A:1">1</property>
                    <property applies_to="clade" datatype="xsd:string" id_ref="annotation_font_size" ref="A:1">4</property>
                  </clade>
                  <clade>
                    <name>Capnocytophaga_gingivalis</name>
                    <branch_length>1.0</branch_length>
                    <property applies_to="clade" datatype="xsd:string" id_ref="annotation_background_color" ref="A:1">r</property>
                    <property applies_to="clade" datatype="xsd:string" id_ref="annotation" ref="A:1">Capnocytophaga_gingivalis</property>
                    <property applies_to="clade" datatype="xsd:string" id_ref="clade_marker_size" ref="A:1">1</property>
                    <property applies_to="clade" datatype="xsd:string" id_ref="clade_marker_edge_width" ref="A:1">4.0</property>
                    <property applies_to="clade" datatype="xsd:string" id_ref="annotation_rotation" ref="A:1">1</property>
                    <property applies_to="clade" datatype="xsd:string" id_ref="annotation_font_size" ref="A:1">4</property>
                  </clade>
                </clade>
              </clade>
            </clade>
          </clade>
        </clade>
        <clade>
          <name>Proteobacteria</name>
          <branch_length>1.0</branch_length>
          <property applies_to="clade" datatype="xsd:string" id_ref="annotation" ref="A:1">Proteobacteria</property>
          <property applies_to="clade" datatype="xsd:string" id_ref="annotation_rotation" ref="A:1">1</property>
          <property applies_to="clade" datatype="xsd:string" id_ref="annotation_font_size" ref="A:1">9</property>
          <property applies_to="clade" datatype="xsd:string" id_ref="annotation_background_color" ref="A:1">#eedbfc</property>
          <clade>
            <name>Alphaproteobacteria</name>
            <branch_length>1.0</branch_length>
            <clade>
              <name>Sphingomonadales</name>
              <branch_length>1.0</branch_length>
              <clade>
                <name>Sphingomonadaceae</name>
                <branch_length>1.0</branch_length>
                <clade>
                  <name>Sphingobium</name>
                  <branch_length>1.0</branch_length>
                  <property applies_to="clade" datatype="xsd:string" id_ref="annotation_background_color" ref="A:1">b</property>
                  <property applies_to="clade" datatype="xsd:string" id_ref="annotation" ref="A:1">Sphingobium</property>
                  <property applies_to="clade" datatype="xsd:string" id_ref="clade_marker_size" ref="A:1">1</property>
                  <property applies_to="clade" datatype="xsd:string" id_ref="clade_marker_edge_width" ref="A:1">3.0</property>
                  <property applies_to="clade" datatype="xsd:string" id_ref="annotation_rotation" ref="A:1">1</property>
                  <property applies_to="clade" datatype="xsd:string" id_ref="annotation_font_size" ref="A:1">7</property>
                </clade>
              </clade>
            </clade>
          </clade>
          <clade>
            <name>Epsilonproteobacteria</name>
            <branch_length>1.0</branch_length>
            <clade>
              <name>Campylobacterales</name>
              <branch_length>1.0</branch_length>
              <clade>
                <name>Campylobacteraceae</name>
                <branch_length>1.0</branch_length>
                <clade>
                  <name>Campylobacter</name>
                  <branch_length>1.0</branch_length>
                  <property applies_to="clade" datatype="xsd:string" id_ref="annotation_background_color" ref="A:1">r</property>
                  <property applies_to="clade" datatype="xsd:string" id_ref="annotation" ref="A:1">Campylobacter</property>
                  <property applies_to="clade" datatype="xsd:string" id_ref="clade_marker_size" ref="A:1">75</property>
                  <property applies_to="clade" datatype="xsd:string" id_ref="clade_marker_edge_width" ref="A:1">4.0</property>
                  <property applies_to="clade" datatype="xsd:string" id_ref="annotation_rotation" ref="A:1">1</property>
                  <property applies_to="clade" datatype="xsd:string" id_ref="annotation_font_size" ref="A:1">7</property>
                  <clade>
                    <name>Campylobacter_ureolyticus</name>
                    <branch_length>1.0</branch_length>
                    <property applies_to="clade" datatype="xsd:string" id_ref="annotation_background_color" ref="A:1">b</property>
                    <property applies_to="clade" datatype="xsd:string" id_ref="annotation" ref="A:1">Campylobacter_ureolyticus</property>
                    <property applies_to="clade" datatype="xsd:string" id_ref="clade_marker_size" ref="A:1">1</property>
                    <property applies_to="clade" datatype="xsd:string" id_ref="clade_marker_edge_width" ref="A:1">4.0</property>
                    <property applies_to="clade" datatype="xsd:string" id_ref="annotation_rotation" ref="A:1">1</property>
                    <property applies_to="clade" datatype="xsd:string" id_ref="annotation_font_size" ref="A:1">4</property>
                  </clade>
                  <clade>
                    <name>Campylobacter_concisus</name>
                    <branch_length>1.0</branch_length>
                    <property applies_to="clade" datatype="xsd:string" id_ref="annotation_background_color" ref="A:1">r</property>
                    <property applies_to="clade" datatype="xsd:string" id_ref="annotation" ref="A:1">Campylobacter_concisus</property>
                    <property applies_to="clade" datatype="xsd:string" id_ref="clade_marker_size" ref="A:1">5</property>
                    <property applies_to="clade" datatype="xsd:string" id_ref="clade_marker_edge_width" ref="A:1">3.0</property>
                    <property applies_to="clade" datatype="xsd:string" id_ref="annotation_rotation" ref="A:1">1</property>
                    <property applies_to="clade" datatype="xsd:string" id_ref="annotation_font_size" ref="A:1">4</property>
                  </clade>
                  <clade>
                    <name>Campylobacter_gracilis</name>
                    <branch_length>1.0</branch_length>
                    <property applies_to="clade" datatype="xsd:string" id_ref="annotation_background_color" ref="A:1">r</property>
                    <property applies_to="clade" datatype="xsd:string" id_ref="annotation" ref="A:1">Campylobacter_gracilis</property>
                    <property applies_to="clade" datatype="xsd:string" id_ref="clade_marker_size" ref="A:1">7</property>
                    <property applies_to="clade" datatype="xsd:string" id_ref="clade_marker_edge_width" ref="A:1">3.0</property>
                    <property applies_to="clade" datatype="xsd:string" id_ref="annotation_rotation" ref="A:1">1</property>
                    <property applies_to="clade" datatype="xsd:string" id_ref="annotation_font_size" ref="A:1">4</property>
                  </clade>
                </clade>
              </clade>
            </clade>
          </clade>
          <clade>
            <name>Betaproteobacteria</name>
            <branch_length>1.0</branch_length>
            <clade>
              <name>Neisseriales</name>
              <branch_length>1.0</branch_length>
              <clade>
                <name>Neisseriaceae</name>
                <branch_length>1.0</branch_length>
                <property applies_to="clade" datatype="xsd:string" id_ref="annotation_background_color" ref="A:1">w</property>
                <clade>
                  <name>Neisseria</name>
                  <branch_length>1.0</branch_length>
                  <property applies_to="clade" datatype="xsd:string" id_ref="annotation_background_color" ref="A:1">r</property>
                  <property applies_to="clade" datatype="xsd:string" id_ref="annotation" ref="A:1">Neisseria</property>
                  <property applies_to="clade" datatype="xsd:string" id_ref="clade_marker_size" ref="A:1">3</property>
                  <property applies_to="clade" datatype="xsd:string" id_ref="clade_marker_edge_width" ref="A:1">3.0</property>
                  <property applies_to="clade" datatype="xsd:string" id_ref="annotation_rotation" ref="A:1">1</property>
                  <property applies_to="clade" datatype="xsd:string" id_ref="annotation_font_size" ref="A:1">7</property>
                </clade>
              </clade>
            </clade>
            <clade>
              <name>Burkholderiales</name>
              <branch_length>1.0</branch_length>
              <clade>
                <name>Comamonadaceae</name>
                <branch_length>1.0</branch_length>
                <property applies_to="clade" datatype="xsd:string" id_ref="annotation_background_color" ref="A:1">w</property>
                <clade>
                  <name>Ottowia</name>
                  <branch_length>1.0</branch_length>
                  <property applies_to="clade" datatype="xsd:string" id_ref="annotation_background_color" ref="A:1">r</property>
                  <property applies_to="clade" datatype="xsd:string" id_ref="annotation" ref="A:1">Ottowia</property>
                  <property applies_to="clade" datatype="xsd:string" id_ref="clade_marker_size" ref="A:1">1</property>
                  <property applies_to="clade" datatype="xsd:string" id_ref="clade_marker_edge_width" ref="A:1">3.0</property>
                  <property applies_to="clade" datatype="xsd:string" id_ref="annotation_rotation" ref="A:1">1</property>
                  <property applies_to="clade" datatype="xsd:string" id_ref="annotation_font_size" ref="A:1">7</property>
                </clade>
              </clade>
              <clade>
                <name>Lautropia_f</name>
                <branch_length>1.0</branch_length>
                <clade>
                  <name>Lautropia</name>
                  <branch_length>1.0</branch_length>
                  <property applies_to="clade" datatype="xsd:string" id_ref="annotation_background_color" ref="A:1">b</property>
                  <property applies_to="clade" datatype="xsd:string" id_ref="annotation" ref="A:1">Lautropia</property>
                  <property applies_to="clade" datatype="xsd:string" id_ref="clade_marker_size" ref="A:1">1</property>
                  <property applies_to="clade" datatype="xsd:string" id_ref="clade_marker_edge_width" ref="A:1">3.0</property>
                  <property applies_to="clade" datatype="xsd:string" id_ref="annotation_rotation" ref="A:1">1</property>
                  <property applies_to="clade" datatype="xsd:string" id_ref="annotation_font_size" ref="A:1">7</property>
                </clade>
              </clade>
            </clade>
          </clade>
          <clade>
            <name>Gammaproteobacteria</name>
            <branch_length>1.0</branch_length>
            <clade>
              <name>Cardiobacteriales</name>
              <branch_length>1.0</branch_length>
              <clade>
                <name>Cardiobacteriaceae</name>
                <branch_length>1.0</branch_length>
                <property applies_to="clade" datatype="xsd:string" id_ref="annotation_background_color" ref="A:1">w</property>
                <clade>
                  <name>Cardiobacterium</name>
                  <branch_length>1.0</branch_length>
                  <property applies_to="clade" datatype="xsd:string" id_ref="annotation_background_color" ref="A:1">r</property>
                  <property applies_to="clade" datatype="xsd:string" id_ref="annotation" ref="A:1">Cardiobacterium</property>
                  <property applies_to="clade" datatype="xsd:string" id_ref="clade_marker_size" ref="A:1">1</property>
                  <property applies_to="clade" datatype="xsd:string" id_ref="clade_marker_edge_width" ref="A:1">3.0</property>
                  <property applies_to="clade" datatype="xsd:string" id_ref="annotation_rotation" ref="A:1">1</property>
                  <property applies_to="clade" datatype="xsd:string" id_ref="annotation_font_size" ref="A:1">7</property>
                  <clade>
                    <name>Cardiobacterium_valvarum</name>
                    <branch_length>1.0</branch_length>
                    <property applies_to="clade" datatype="xsd:string" id_ref="annotation_background_color" ref="A:1">r</property>
                    <property applies_to="clade" datatype="xsd:string" id_ref="annotation" ref="A:1">Cardiobacterium_valvarum</property>
                    <property applies_to="clade" datatype="xsd:string" id_ref="clade_marker_size" ref="A:1">7</property>
                    <property applies_to="clade" datatype="xsd:string" id_ref="clade_marker_edge_width" ref="A:1">3.0</property>
                    <property applies_to="clade" datatype="xsd:string" id_ref="annotation_rotation" ref="A:1">1</property>
                    <property applies_to="clade" datatype="xsd:string" id_ref="annotation_font_size" ref="A:1">4</property>
                  </clade>
                </clade>
              </clade>
            </clade>
            <clade>
              <name>Steroidobacter_o</name>
              <branch_length>1.0</branch_length>
              <clade>
                <name>Steroidobacter_f</name>
                <branch_length>1.0</branch_length>
                <clade>
                  <name>Steroidobacter</name>
                  <branch_length>1.0</branch_length>
                  <property applies_to="clade" datatype="xsd:string" id_ref="annotation_background_color" ref="A:1">b</property>
                  <property applies_to="clade" datatype="xsd:string" id_ref="annotation" ref="A:1">Steroidobacter</property>
                  <property applies_to="clade" datatype="xsd:string" id_ref="clade_marker_size" ref="A:1">23</property>
                  <property applies_to="clade" datatype="xsd:string" id_ref="clade_marker_edge_width" ref="A:1">3.0</property>
                  <property applies_to="clade" datatype="xsd:string" id_ref="annotation_rotation" ref="A:1">1</property>
                  <property applies_to="clade" datatype="xsd:string" id_ref="annotation_font_size" ref="A:1">7</property>
                </clade>
              </clade>
            </clade>
          </clade>
        </clade>
      </clade>
    </clade>
    <property applies_to="phylogeny" datatype="xsd:string" id_ref="annotation_background_offset" ref="A:1">0.5</property>
    <property applies_to="phylogeny" datatype="xsd:string" id_ref="clade_marker_edge_color" ref="A:1">#4f1a49</property>
    <property applies_to="phylogeny" datatype="xsd:string" id_ref="branch_color" ref="A:1">#4f1a49</property>
    <property applies_to="phylogeny" datatype="xsd:string" id_ref="annotation_background_separation" ref="A:1">-0.01</property>
    <property applies_to="phylogeny" datatype="xsd:string" id_ref="annotation_background_width" ref="A:1">0.2</property>
    <property applies_to="phylogeny" datatype="xsd:string" id_ref="leg_keys" ref="A:1">Acidobacteria_._._Bergeyella_._._Cyanobacteria_._._Pasteurellaceae</property>
    <property applies_to="phylogeny" datatype="xsd:string" id_ref="leg_annotation_background_color" ref="A:1">#eedbfc_._._w_._._#eedbfc_._._w</property>
    <property applies_to="phylogeny" datatype="xsd:string" id_ref="leg_annotation_background_edge_color" ref="A:1">._._._._._._._._._.</property>
    <property applies_to="phylogeny" datatype="xsd:string" id_ref="leg_clade_marker_color" ref="A:1">._._._._._._._._._.</property>
    <property applies_to="phylogeny" datatype="xsd:string" id_ref="leg_clade_marker_edge_width" ref="A:1">._._._._._._._._._.</property>
    <property applies_to="phylogeny" datatype="xsd:string" id_ref="leg_clade_marker_size" ref="A:1">._._._._._._._._._.</property>
    <property applies_to="phylogeny" datatype="xsd:string" id_ref="leg_clade_marker_shape" ref="A:1">._._._._._._._._._.</property>
    <property applies_to="phylogeny" datatype="xsd:string" id_ref="ignore_branch_len" ref="A:1">1</property>
  </phylogeny>
</phyloxml>